{
  "f20e7b5640": 0.6666666666666666,
  "9a9e32c768": 0.6666666666666666,
  "d6702c681d": 0.6666666666666666,
  "569f99f881": 0.6666666666666666,
  "45b0dac5e3": 0.6666666666666666,
  "036bce3393": 0.6666666666666666,
  "7e09430da7": 0.6666666666666666,
  "d2f44bf242": 0.6666666666666666,
  "07f5b601ee": 0.6666666666666666,
  "e1b1d9de55": 0.6666666666666666,
  "bc03d88fc3": 0.6666666666666666,
  "49a82360aa": 0.6666666666666666,
  "6d89a7320d": 0.6666666666666666,
  "ca0e09014e": 0.6666666666666666,
  "319787e6ec": 0.6666666666666666,
  "e0de253456": 0.6666666666666666,
  "e398684d27": 0.6666666666666666,
  "2e67a32314": 0.6666666666666666,
  "3e8bba0176": 0.6666666666666666,
  "c24f94007b": 0.6666666666666666,
  "8e6ff28354": 0.6666666666666666,
  "38d58a7a31": 0.6666666666666666,
  "1366d5ae89": 0.6666666666666666,
  "7d72f01865": 0.6666666666666666,
  "25f3b7a318": 0.6666666666666666,
  "6855e1ac32": 0.6666666666666666,
  "64ea6b73c2": 0.6666666666666666,
  "4ea827f5a1": 0.6666666666666666,
  "ef69d58016": 0.6666666666666666,
  "3db0a1c8f3": 0.6666666666666666,
  "f00bd5fa8a": 0.6666666666666666,
  "b09b119466": 0.6666666666666666,
  "f25f5e6f63": 0.6666666666666666,
  "15155a88fb": 0.6666666666666666,
  "e9ac2fc517": 0.6666666666666666,
  "303745abc7": 0.6666666666666666,
  "a980334473": 0.6666666666666666,
  "09c1414f1b": 0.6666666666666666,
  "e01b287af5": 0.6666666666666666,
  "961911d451": 0.6666666666666666,
  "c856c41c99": 0.6666666666666666,
  "47eb87b5bb": 0.6666666666666666,
  "260fa55d50": 0.6666666666666666,
  "1a8e0d78c0": 0.6666666666666666,
  "da8043d54e": 0.6666666666666666,
  "5298ec174f": 0.6666666666666666,
  "68739bdf1f": 0.6666666666666666,
  "2e74812d00": 0.6666666666666666,
  "beb802368c": 0.6666666666666666,
  "16c9bd2e1e": 0.6666666666666666,
  "e91722b5a3": 0.6666666666666666,
  "4318f8bb3c": 0.6666666666666666,
  "67d702f2e8": 0.6666666666666666,
  "30f4a2b44d": 0.6666666666666666,
  "825d228aec": 0.6666666666666666,
  "e6afbe3753": 0.6666666666666666,
  "ea15f3457c": 0.6666666666666666,
  "d6cbe4b28b": 0.6666666666666666,
  "497588b572": 0.6666666666666666,
  "419cbe7c11": 0.6666666666666666,
  "210f741378": 0.6666666666666666,
  "99fa5c25e1": 0.6666666666666666,
  "75d29d69b8": 0.6666666666666666,
  "a24858e51e": 0.6666666666666666,
  "c9abde4c4b": 0.6666666666666666,
  "55b2bf8036": 0.6666666666666666,
  "bd9305480d": 0.6666666666666666,
  "116456116b": 0.6666666666666666,
  "e050c15a8d": 0.6666666666666666,
  "39f36da05b": 0.6666666666666666,
  "25927bb04c": 0.6666666666666666,
  "124974734e": 0.6666666666666666,
  "ba414a3e6f": 0.6666666666666666,
  "c06a983e63": 0.6666666666666666,
  "1be2c31cac": 0.6666666666666666,
  "8133208cb6": 0.6666666666666666,
  "a46b21d949": 0.6666666666666666,
  "8d563fc2cc": 0.6666666666666666,
  "52599ae063": 0.6666666666666666,
  "4422722c49": 0.6666666666666666,
  "ab6983ae6c": 0.6666666666666666,
  "a4e227f506": 0.6666666666666666,
  "1d003b07bd": 0.6666666666666666,
  "280b83fcf3": 0.6666666666666666,
  "954633ea01": 0.6666666666666666,
  "ab046f8faf": 0.6666666666666666,
  "d662592b54": 0.6666666666666666,
  "d6d9ddb03f": 0.6666666666666666,
  "d070e22e3b": 0.6666666666666666,
  "02a980c994": 0.6666666666666666,
  "8be0cd3817": 0.6666666666666666,
  "5d152fab1b": 0.6666666666666666,
  "8283161f1b": 0.6666666666666666,
  "6ebe30292e": 0.6666666666666666,
  "9b365a9b68": 0.6666666666666666,
  "54b6127146": 0.6666666666666666,
  "6464461276": 0.6666666666666666,
  "2970e95b65": 0.6666666666666666,
  "ac48a9b736": 0.6666666666666666,
  "61adeff7d5": 0.6666666666666666,
  "5371eff4f9": 0.6666666666666666,
  "54e7ffaea3": 0.6666666666666666,
  "8f82c394d6": 0.6666666666666666,
  "5f99900f09": 0.6666666666666666,
  "a08d9a2476": 0.6666666666666666,
  "728daff2a3": 0.6666666666666666,
  "0e75f3c4d9": 0.6666666666666666,
  "94ee15e8ba": 0.6666666666666666,
  "e8e81396b6": 0.6666666666666666,
  "bfd3fd54d2": 0.6666666666666666,
  "d755b3d9d8": 0.6666666666666666,
  "77596f5d2a": 0.6666666666666666,
  "281ba69af1": 0.6666666666666666,
  "9663292843": 0.6666666666666666,
  "f3d64c30f8": 0.6666666666666666,
  "f2dc06b1d2": 0.6666666666666666,
  "ebc200e928": 0.6666666666666666,
  "251443268c": 0.6666666666666666,
  "41b00feddb": 0.6666666666666666,
  "b20a261fdf": 0.6666666666666666,
  "ada5304e41": 0.6666666666666666,
  "08bbbdcc3d": 0.6666666666666666,
  "e0e83b4ca3": 0.6666666666666666,
  "21532e059d": 0.6666666666666666,
  "286b55a2bf": 0.6666666666666666,
  "21d970d8de": 0.6666666666666666,
  "dfe9cbd72a": 0.6666666666666666,
  "f5401524e5": 0.6666666666666666,
  "eeddfe67f5": 0.6666666666666666,
  "633f9a9f06": 0.6666666666666666,
  "27dd4da69e": 0.6666666666666666,
  "f3685d06a9": 0.6666666666666666,
  "a8bf42d646": 0.6666666666666666,
  "5656608266": 0.6666666666666666,
  "cf1ffd871d": 0.6666666666666666,
  "7cd2ac43b4": 0.6666666666666666,
  "bde1e479ad": 0.6666666666666666,
  "8b2c0938d6": 0.6666666666666666,
  "b09431c547": 0.6666666666666666,
  "c50d2d1d42": 0.6666666666666666,
  "4ba22fa7e4": 0.6666666666666666,
  "5fb5d2dbf2": 0.6666666666666666,
  "f248c2bcdc": 0.6666666666666666,
  "578511c8a9": 0.6666666666666666,
  "b1d75ecd55": 0.6666666666666666,
  "5654092cc2": 0.6666666666666666,
  "31a2c91c43": 0.6666666666666666,
  "480ddaadc0": 0.6666666666666666,
  "108ec0b806": 0.6666666666666666,
  "1ae9e5d2a6": 0.6666666666666666,
  "ab11145646": 0.6666666666666666,
  "893fb90e89": 0.6666666666666666,
  "80ffca8a48": 0.6666666666666666,
  "7f4d173c9c": 0.6666666666666666,
  "84b48f2614": 0.6666666666666666,
  "4bc04e0cde": 0.6666666666666666,
  "be91f7884d": 0.6666666666666666,
  "1831b3823a": 0.6666666666666666,
  "c0f5742640": 0.6666666666666666,
  "0a5c013435": 0.6666666666666666,
  "66c98f4a9b": 0.6666666666666666,
  "be2e10f16a": 0.6666666666666666,
  "dc263dfbf0": 0.6666666666666666,
  "3e928dc2f6": 0.6666666666666666,
  "b26e64c4b0": 0.6666666666666666,
  "484ad681df": 0.6666666666666666,
  "e9e16b6043": 0.6666666666666666,
  "394a542a19": 0.6666666666666666,
  "b5918e4637": 0.6666666666666666,
  "c0c863b72d": 0.6666666666666666,
  "8a20d62ac0": 0.6666666666666666,
  "cc49215f67": 0.6666666666666666,
  "0a184cf634": 0.6666666666666666,
  "30966f4c6e": 0.6666666666666666,
  "9f79564dbf": 0.6666666666666666,
  "5748ce6f01": 0.6666666666666666,
  "a1d9da703c": 0.6666666666666666,
  "410c470782": 0.6666666666666666,
  "dffce1cf9a": 0.6666666666666666,
  "fe1733741f": 0.6666666666666666,
  "6ee2fc1070": 0.6666666666666666,
  "bb87c292ad": 0.6666666666666666,
  "fb05e13ad1": 0.6666666666666666,
  "c49a8c6cff": 0.6666666666666666,
  "0d2ee665be": 0.6666666666666666,
  "f94c225e84": 0.6666666666666666,
  "95d525fbfd": 0.6666666666666666,
  "281bc17764": 0.6666666666666666,
  "cd88899edb": 0.6666666666666666,
  "7ffc86edf4": 0.6666666666666666,
  "74ff105c0d": 0.6666666666666666,
  "85251de7d1": 0.6666666666666666,
  "18fd041970": 0.6666666666666666,
  "6f1848d1e3": 0.6666666666666666,
  "47b37eb6f9": 0.6666666666666666,
  "bcd2436daf": 0.6666666666666666,
  "7b37cccb03": 0.6666666666666666,
  "3f15a9266d": 0.6666666666666666,
  "6115eddb86": 0.6666666666666666,
  "a003a6585e": 0.6666666666666666,
  "2a1a3afad9": 0.6666666666666666,
  "471cc4ba84": 0.6666666666666666,
  "3a161a857d": 0.6666666666666666,
  "7079b59642": 0.6666666666666666,
  "50809ea0d8": 0.6666666666666666,
  "d415cc449b": 0.6666666666666666,
  "c9bf4c8b62": 0.6666666666666666,
  "e7ac609391": 0.6666666666666666,
  "c5f701a8c7": 0.6666666666666666,
  "076c822ecc": 0.6666666666666666,
  "1b75758486": 0.6666666666666666,
  "b074ca565a": 0.6666666666666666,
  "3928249b53": 0.6666666666666666,
  "9e019d8be1": 0.6666666666666666,
  "ccdc33dc2a": 0.6666666666666666,
  "bf6e439e38": 0.6666666666666666,
  "88627b561e": 0.6666666666666666,
  "37ea1c52f0": 0.6666666666666666,
  "9071e139d9": 0.6666666666666666,
  "d228e2d9dd": 0.6666666666666666,
  "c8f2218ee2": 0.6666666666666666,
  "7eac902fd5": 0.6666666666666666,